timestamp,dataset,model,experiment_type,train_limit,val_limit,test_limit,epochs,batch_size,keras_test_accuracy,accuracy,precision,recall,f1_score
2026-06-02T15:18:30,concrete_crack_images,MobileNetV2,tuned_transfer_learning,2000,500,500,5,32,0.7300000190734863,0.73,1.0,0.466403162055336,0.6361185983827493
2026-06-02T15:22:43,concrete_crack_images,MobileNetV2,tuned_transfer_learning,2000,500,500,5,32,0.9919999837875366,0.992,0.9960159362549801,0.9881422924901185,0.9920634920634921
2026-06-02T15:27:31,concrete_crack_images,MobileNetV2,tuned_transfer_learning_conservative_aug,2000,500,500,5,32,0.9940000176429749,0.994,0.9921259842519685,0.9960474308300395,0.9940828402366864
2026-06-02T15:31:56,concrete_crack_images,MobileNetV2,tuned_transfer_learning_conservative_aug,5000,1000,1000,5,32,0.9929999709129333,0.993,0.9877800407331976,0.9979423868312757,0.9928352098259979
2026-06-02T15:37:51,concrete_crack_images,ResNet50,baseline_transfer_learning,5000,1000,1000,3,32,0.9309999942779541,0.931,0.986013986013986,0.8703703703703703,0.9245901639344263
2026-06-02T15:55:55,concrete_crack_images,EfficientNetB0,baseline_transfer_learning,5000,1000,1000,3,32,0.4860000014305115,0.486,0.486,1.0,0.6541049798115747
2026-06-02T16:15:09,sdnet2018,MobileNetV2,baseline_transfer_learning,5000,1000,1000,3,32,0.8999999761581421,0.9,0.8666666666666667,0.3611111111111111,0.5098039215686274
2026-06-02T16:23:09,sdnet2018,MobileNetV2,tuned_transfer_learning_conservative_aug,5000,1000,1000,5,32,0.8690000176429749,0.869,0.5371428571428571,0.6527777777777778,0.5893416927899686
2026-06-02T16:31:08,sdnet2018,ResNet50,baseline_transfer_learning,5000,1000,1000,3,32,0.14399999380111694,0.144,0.144,1.0,0.2517482517482518
